location,date,new_cases,new_deaths,positive_test_rate,total_vaccinations,people_fully_vaccinated
Iran,2/19/2020,2,2,0.1829,0,0
Iran,2/20/2020,3,0,0.1829,0,0
Iran,2/21/2020,13,2,0.1829,0,0
Iran,2/22/2020,10,1,0.1829,0,0
Iran,2/23/2020,15,3,0.1829,0,0
Iran,2/24/2020,18,4,0.1829,0,0
Iran,2/25/2020,34,4,0.1829,0,0
Iran,2/26/2020,44,3,0.1829,0,0
Iran,2/27/2020,106,7,0.1829,0,0
Iran,2/28/2020,143,8,0.1829,0,0
Iran,2/29/2020,205,9,0.1829,0,0
Iran,3/1/2020,385,11,0.1829,0,0
Iran,3/2/2020,523,12,0.1829,0,0
Iran,3/3/2020,835,11,0.1829,0,0
Iran,3/4/2020,586,15,0.1829,0,0
Iran,3/5/2020,591,15,0.1829,0,0
Iran,3/6/2020,1234,17,0.1829,0,0
Iran,3/7/2020,1076,21,0.1829,0,0
Iran,3/8/2020,743,49,0.1829,0,0
Iran,3/9/2020,595,43,0.1829,0,0
Iran,3/10/2020,881,54,0.1829,0,0
Iran,3/11/2020,958,63,0.1829,0,0
Iran,3/12/2020,1075,75,0.1829,0,0
Iran,3/13/2020,1289,85,0.1829,0,0
Iran,3/14/2020,1365,97,0.1829,0,0
Iran,3/15/2020,1209,113,0.1829,0,0
Iran,3/16/2020,1053,129,0.1829,0,0
Iran,3/17/2020,1178,135,0.1829,0,0
Iran,3/18/2020,1192,147,0.1829,0,0
Iran,3/19/2020,1046,149,0.1829,0,0
Iran,3/20/2020,1237,149,0.1829,0,0
Iran,3/21/2020,966,123,0.1829,0,0
Iran,3/22/2020,1028,129,0.1829,0,0
Iran,3/23/2020,1411,127,0.1829,0,0
Iran,3/24/2020,1762,122,0.1829,0,0
Iran,3/25/2020,2206,143,0.1829,0,0
Iran,3/26/2020,2389,157,0.1829,0,0
Iran,3/27/2020,2926,144,0.1829,0,0
Iran,3/28/2020,3076,139,0.1829,0,0
Iran,3/29/2020,2901,123,0.1829,0,0
Iran,3/30/2020,3186,117,0.1829,0,0
Iran,3/31/2020,3110,141,0.1829,0,0
Iran,4/1/2020,2988,138,0.1829,0,0
Iran,4/2/2020,2875,124,0.1829,0,0
Iran,4/3/2020,2715,134,0.1829,0,0
Iran,4/4/2020,2560,158,0.1829,0,0
Iran,4/5/2020,2483,151,0.1829,0,0
Iran,4/6/2020,2274,136,0.1829,0,0
Iran,4/7/2020,2089,133,0.1829,0,0
Iran,4/8/2020,1997,121,0.1829,0,0
Iran,4/9/2020,1634,117,0.1829,0,0
Iran,4/10/2020,1972,122,0.1829,0,0
Iran,4/11/2020,1837,125,0.1829,0,0
Iran,4/12/2020,1657,117,0.1829,0,0
Iran,4/13/2020,1617,111,0.1703,0,0
Iran,4/14/2020,1574,98,0.1601,0,0
Iran,4/15/2020,1512,94,0.1509,0,0
Iran,4/16/2020,1606,92,0.1492,0,0
Iran,4/17/2020,1499,89,0.1462,0,0
Iran,4/18/2020,1374,73,0.1382,0,0
Iran,4/19/2020,1343,87,0.1345,0,0
Iran,4/20/2020,1294,91,0.1314,0,0
Iran,4/21/2020,1297,88,0.1267,0,0
Iran,4/22/2020,1194,94,0.1225,0,0
Iran,4/23/2020,1030,90,0.1141,0,0
Iran,4/24/2020,1168,93,0.1087,0,0
Iran,4/25/2020,1134,76,0.1058,0,0
Iran,4/26/2020,1153,60,0.1038,0,0
Iran,4/27/2020,991,96,0.1004,0,0
Iran,4/28/2020,1112,71,0.1009,0,0
Iran,4/29/2020,1073,80,0.1011,0,0
Iran,4/30/2020,983,71,0.1032,0,0
Iran,5/1/2020,1006,63,0.0992,0,0
Iran,5/2/2020,802,65,0.0956,0,0
Iran,5/3/2020,976,47,0.0926,0,0
Iran,5/4/2020,1223,74,0.0945,0,0
Iran,5/5/2020,1323,63,0.0963,0,0
Iran,5/6/2020,1680,78,0.1026,0,0
Iran,5/7/2020,1485,68,0.1042,0,0
Iran,5/8/2020,1556,55,0.1078,0,0
Iran,5/9/2020,1529,48,0.1107,0,0
Iran,5/10/2020,1383,51,0.1126,0,0
Iran,5/11/2020,1683,45,0.1146,0,0
Iran,5/12/2020,1481,48,0.1125,0,0
Iran,5/13/2020,1958,50,0.1127,0,0
Iran,5/14/2020,1808,71,0.1152,0,0
Iran,5/15/2020,2102,48,0.1198,0,0
Iran,5/16/2020,1757,35,0.1219,0,0
Iran,5/17/2020,1806,51,0.1257,0,0
Iran,5/18/2020,2294,69,0.1313,0,0
Iran,5/19/2020,2111,62,0.1374,0,0
Iran,5/20/2020,2346,64,0.1399,0,0
Iran,5/21/2020,2392,66,0.1448,0,0
Iran,5/22/2020,2311,51,0.1426,0,0
Iran,5/23/2020,1869,59,0.1393,0,0
Iran,5/24/2020,2180,58,0.1365,0,0
Iran,5/25/2020,2023,34,0.1299,0,0
Iran,5/26/2020,1787,57,0.1233,0,0
Iran,5/27/2020,2080,56,0.1168,0,0
Iran,5/28/2020,2258,63,0.1112,0,0
Iran,5/29/2020,2819,50,0.1132,0,0
Iran,5/30/2020,2282,57,0.1145,0,0
Iran,5/31/2020,2516,63,0.1165,0,0
Iran,6/1/2020,2979,81,0.1221,0,0
Iran,6/2/2020,3117,64,0.13,0,0
Iran,6/3/2020,3134,70,0.136,0,0
Iran,6/4/2020,3574,59,0.143,0,0
Iran,6/5/2020,2886,63,0.1426,0,0
Iran,6/6/2020,2269,75,0.1421,0,0
Iran,6/7/2020,2364,72,0.1364,0,0
Iran,6/8/2020,2043,70,0.1285,0,0
Iran,6/9/2020,2095,74,0.1203,0,0
Iran,6/10/2020,2011,81,0.1119,0,0
Iran,6/11/2020,2218,78,0.1027,0,0
Iran,6/12/2020,2369,75,0.0981,0,0
Iran,6/13/2020,2430,71,0.0975,0,0
Iran,6/14/2020,2472,107,0.0982,0,0
Iran,6/15/2020,2449,113,0.0988,0,0
Iran,6/16/2020,2563,115,0.1001,0,0
Iran,6/17/2020,2612,120,0.1013,0,0
Iran,6/18/2020,2596,87,0.1025,0,0
Iran,6/19/2020,2615,120,0.1021,0,0
Iran,6/20/2020,2322,115,0.1,0,0
Iran,6/21/2020,2368,116,0.0983,0,0
Iran,6/22/2020,2573,119,0.0979,0,0
Iran,6/23/2020,2445,121,0.0965,0,0
Iran,6/24/2020,2531,133,0.0956,0,0
Iran,6/25/2020,2595,134,0.0939,0,0
Iran,6/26/2020,2628,109,0.0933,0,0
Iran,6/27/2020,2456,125,0.0937,0,0
Iran,6/28/2020,2489,144,0.094,0,0
Iran,6/29/2020,2536,162,0.0932,0,0
Iran,6/30/2020,2457,147,0.0927,0,0
Iran,7/1/2020,2549,141,0.0929,0,0
Iran,7/2/2020,2652,148,0.0942,0,0
Iran,7/3/2020,2566,154,0.0946,0,0
Iran,7/4/2020,2449,148,0.0952,0,0
Iran,7/5/2020,2560,163,0.0966,0,0
Iran,7/6/2020,2613,160,0.0986,0,0
Iran,7/7/2020,2637,200,0.0998,0,0
Iran,7/8/2020,2691,153,0.1014,0,0
Iran,7/9/2020,2079,221,0.0985,0,0
Iran,7/10/2020,2262,142,0.0974,0,0
Iran,7/11/2020,2397,188,0.0971,0,0
Iran,7/12/2020,2186,194,0.095,0,0
Iran,7/13/2020,2349,203,0.0933,0,0
Iran,7/14/2020,2521,179,0.0935,0,0
Iran,7/15/2020,2388,199,0.0921,0,0
Iran,7/16/2020,2500,198,0.0943,0,0
Iran,7/17/2020,2379,183,0.0947,0,0
Iran,7/18/2020,2166,188,0.0935,0,0
Iran,7/19/2020,2182,209,0.0932,0,0
Iran,7/20/2020,2414,217,0.0934,0,0
Iran,7/21/2020,2625,229,0.0931,0,0
Iran,7/22/2020,2586,219,0.0935,0,0
Iran,7/23/2020,2621,221,0.0941,0,0
Iran,7/24/2020,2489,215,0.0952,0,0
Iran,7/25/2020,2316,195,0.0956,0,0
Iran,7/26/2020,2333,216,0.0964,0,0
Iran,7/27/2020,2434,212,0.097,0,0
Iran,7/28/2020,2667,235,0.0979,0,0
Iran,7/29/2020,2636,196,0.0985,0,0
Iran,7/30/2020,2621,226,0.0987,0,0
Iran,7/31/2020,2674,197,0.099,0,0
Iran,8/1/2020,2548,216,0.1002,0,0
Iran,8/2/2020,2685,208,0.1019,0,0
Iran,8/3/2020,2598,215,0.1024,0,0
Iran,8/4/2020,2751,212,0.1027,0,0
Iran,8/5/2020,2697,185,0.1025,0,0
Iran,8/6/2020,2634,174,0.1027,0,0
Iran,8/7/2020,2450,156,0.1016,0,0
Iran,8/8/2020,2125,132,0.1,0,0
Iran,8/9/2020,2020,163,0.097,0,0
Iran,8/10/2020,2132,189,0.0949,0,0
Iran,8/11/2020,2345,184,0.0931,0,0
Iran,8/12/2020,2510,188,0.0921,0,0
Iran,8/13/2020,2625,174,0.0923,0,0
Iran,8/14/2020,2501,169,0.0929,0,0
Iran,8/15/2020,2245,161,0.094,0,0
Iran,8/16/2020,2133,147,0.0941,0,0
Iran,8/17/2020,2247,165,0.0943,0,0
Iran,8/18/2020,2385,168,0.0938,0,0
Iran,8/19/2020,2444,153,0.0939,0,0
Iran,8/20/2020,2279,139,0.0923,0,0
Iran,8/21/2020,2206,112,0.0911,0,0
Iran,8/22/2020,2028,126,0.0898,0,0
Iran,8/23/2020,2113,141,0.0898,0,0
Iran,8/24/2020,2245,133,0.09,0,0
Iran,8/25/2020,2213,125,0.0891,0,0
Iran,8/26/2020,2243,119,0.0881,0,0
Iran,8/27/2020,2190,117,0.0871,0,0
Iran,8/28/2020,2115,112,0.0869,0,0
Iran,8/29/2020,1905,110,0.0867,0,0
Iran,8/30/2020,1754,103,0.086,0,0
Iran,8/31/2020,1642,109,0.0834,0,0
Iran,9/1/2020,1682,101,0.0806,0,0
Iran,9/2/2020,1858,125,0.0782,0,0
Iran,9/3/2020,1994,129,0.0768,0,0
Iran,9/4/2020,2026,118,0.0759,0,0
Iran,9/5/2020,1894,110,0.0753,0,0
Iran,9/6/2020,1992,139,0.0755,0,0
Iran,9/7/2020,2152,117,0.0777,0,0
Iran,9/8/2020,2302,132,0.081,0,0
Iran,9/9/2020,2313,127,0.0835,0,0
Iran,9/10/2020,2063,129,0.084,0,0
Iran,9/11/2020,2313,115,0.0851,0,0
Iran,9/12/2020,2139,116,0.0859,0,0
Iran,9/13/2020,2089,128,0.0859,0,0
Iran,9/14/2020,2619,156,0.0876,0,0
Iran,9/15/2020,2705,140,0.089,0,0
Iran,9/16/2020,2981,179,0.092,0,0
Iran,9/17/2020,2815,176,0.0957,0,0
Iran,9/18/2020,3049,144,0.0992,0,0
Iran,9/19/2020,2845,166,0.1025,0,0
Iran,9/20/2020,3097,183,0.1077,0,0
Iran,9/21/2020,3341,177,0.1117,0,0
Iran,9/22/2020,3712,178,0.1172,0,0
Iran,9/23/2020,3605,184,0.1203,0,0
Iran,9/24/2020,3521,175,0.1302,0,0
Iran,9/25/2020,3563,207,0.14,0,0
Iran,9/26/2020,3204,172,0.1499,0,0
Iran,9/27/2020,3362,195,0.1401,0,0
Iran,9/28/2020,3512,190,0.1313,0,0
Iran,9/29/2020,3677,207,0.1313,0,0
Iran,9/30/2020,3582,183,0.1309,0,0
Iran,10/1/2020,3825,211,0.1262,0,0
Iran,10/2/2020,3552,187,0.1204,0,0
Iran,10/3/2020,3523,179,0.1251,0,0
Iran,10/4/2020,3653,211,0.1473,0,0
Iran,10/5/2020,3902,235,0.1789,0,0
Iran,10/6/2020,4151,227,0.2034,0,0
Iran,10/7/2020,4019,239,0.1381,0,0
Iran,10/8/2020,4392,230,0.1412,0,0
Iran,10/9/2020,4142,210,0.1445,0,0
Iran,10/10/2020,3875,195,0.1362,0,0
Iran,10/11/2020,3822,251,0.1281,0,0
Iran,10/12/2020,4206,272,0.1206,0,0
Iran,10/13/2020,4108,254,0.1124,0,0
Iran,10/14/2020,4830,279,0.1537,0,0
Iran,10/15/2020,4616,256,0.1534,0,0
Iran,10/16/2020,4552,265,0.154,0,0
Iran,10/17/2020,4103,253,0.1537,0,0
Iran,10/18/2020,3890,252,0.1526,0,0
Iran,10/19/2020,4251,337,0.152,0,0
Iran,10/20/2020,5039,322,0.1559,0,0
Iran,10/21/2020,5616,312,0.1597,0,0
Iran,10/22/2020,5471,304,0.1629,0,0
Iran,10/23/2020,6134,335,0.1693,0,0
Iran,10/24/2020,5814,335,0.1848,0,0
Iran,10/25/2020,6191,296,0.2047,0,0
Iran,10/26/2020,5960,337,0.2245,0,0
Iran,10/27/2020,6968,346,0.1947,0,0
Iran,10/28/2020,6824,415,0.1952,0,0
Iran,10/29/2020,8293,399,0.2192,0,0
Iran,10/30/2020,8011,365,0.2419,0,0
Iran,10/31/2020,7820,386,0.2003,0,0
Iran,11/1/2020,7719,434,0.194,0,0
Iran,11/2/2020,8289,440,0.2044,0,0
Iran,11/3/2020,8932,422,0.2604,0,0
Iran,11/4/2020,8452,419,0.2288,0,0
Iran,11/5/2020,8772,406,0.2138,0,0
Iran,11/6/2020,8864,424,0.2025,0,0
Iran,11/7/2020,9450,423,0.2359,0,0
Iran,11/8/2020,9236,459,0.2394,0,0
Iran,11/9/2020,10463,458,0.2293,0,0
Iran,11/10/2020,10339,453,0.218,0,0
Iran,11/11/2020,11780,462,0.2555,0,0
Iran,11/12/2020,11517,457,0.263,0,0
Iran,11/13/2020,11737,461,0.2704,0,0
Iran,11/14/2020,11203,452,0.2736,0,0
Iran,11/15/2020,12543,459,0.2834,0,0
Iran,11/16/2020,13053,486,0.2911,0,0
Iran,11/17/2020,13352,482,0.3,0,0
Iran,11/18/2020,13421,480,0.3058,0,0
Iran,11/19/2020,13223,476,0.3114,0,0
Iran,11/20/2020,13260,479,0.3174,0,0
Iran,11/21/2020,12931,431,0.3242,0,0
Iran,11/22/2020,13053,475,0.3264,0,0
Iran,11/23/2020,12460,453,0.3242,0,0
Iran,11/24/2020,13721,483,0.3231,0,0
Iran,11/25/2020,13843,469,0.3227,0,0
Iran,11/26/2020,13961,482,0.3235,0,0
Iran,11/27/2020,14051,406,0.3245,0,0
Iran,11/28/2020,13402,391,0.3245,0,0
Iran,11/29/2020,12950,388,0.3209,0,0
Iran,11/30/2020,13321,372,0.3207,0,0
Iran,12/1/2020,13881,382,0.3207,0,0
Iran,12/2/2020,13621,362,0.3187,0,0
Iran,12/3/2020,13922,358,0.3177,0,0
Iran,12/4/2020,13341,347,0.3134,0,0
Iran,12/5/2020,12151,321,0.3065,0,0
Iran,12/6/2020,11561,294,0.3009,0,0
Iran,12/7/2020,10827,284,0.291,0,0
Iran,12/8/2020,11023,323,0.2796,0,0
Iran,12/9/2020,10223,295,0.2666,0,0
Iran,12/10/2020,10403,284,0.2536,0,0
Iran,12/11/2020,9384,231,0.24,0,0
Iran,12/12/2020,8411,222,0.2278,0,0
Iran,12/13/2020,7451,247,0.2214,0,0
Iran,12/14/2020,7501,251,0.2179,0,0
Iran,12/15/2020,7704,223,0.2145,0,0
Iran,12/16/2020,7603,213,0.2133,0,0
Iran,12/17/2020,7453,212,0.1837,0,0
Iran,12/18/2020,7121,178,0.1608,0,0
Iran,12/19/2020,6421,175,0.1519,0,0
Iran,12/20/2020,6312,177,0.1417,0,0
Iran,12/21/2020,6151,191,0.1319,0,0
Iran,12/22/2020,6208,187,0.1222,0,0
Iran,12/23/2020,6261,153,0.1137,0,0
Iran,12/24/2020,6178,152,0.1169,0,0
Iran,12/25/2020,6021,132,0.121,0,0
Iran,12/26/2020,5760,134,0.119,0,0
Iran,12/27/2020,5502,119,0.1166,0,0
Iran,12/28/2020,5908,121,0.1153,0,0
Iran,12/29/2020,6108,132,0.1147,0,0
Iran,12/30/2020,6272,149,0.1143,0,0
Iran,12/31/2020,6389,128,0.1141,0,0
Iran,1/1/2021,6287,114,0.1154,0,0
Iran,1/2/2021,6045,101,0.1155,0,0
Iran,1/3/2021,5960,102,0.1161,0,0
Iran,1/4/2021,6073,110,0.1163,0,0
Iran,1/5/2021,6113,98,0.116,0,0
Iran,1/6/2021,6283,82,0.1158,0,0
Iran,1/7/2021,6360,103,0.1157,0,0
Iran,1/8/2021,6251,85,0.1143,0,0
Iran,1/9/2021,5924,82,0.114,0,0
Iran,1/10/2021,5968,71,0.114,0,0
Iran,1/11/2021,6208,91,0.1145,0,0
Iran,1/12/2021,6408,98,0.1152,0,0
Iran,1/13/2021,6317,97,0.1157,0,0
Iran,1/14/2021,6471,81,0.1162,0,0
Iran,1/15/2021,6485,83,0.117,0,0
Iran,1/16/2021,6100,96,0.1177,0,0
Iran,1/17/2021,6016,86,0.118,0,0
Iran,1/18/2021,5806,83,0.1172,0,0
Iran,1/19/2021,5917,87,0.1158,0,0
Iran,1/20/2021,6182,84,0.1151,0,0
Iran,1/21/2021,6204,93,0.1137,0,0
Iran,1/22/2021,6332,75,0.1133,0,0
Iran,1/23/2021,6180,69,0.1134,0,0
Iran,1/24/2021,5945,89,0.1127,0,0
Iran,1/25/2021,6309,98,0.1133,0,0
Iran,1/26/2021,6420,79,0.1144,0,0
Iran,1/27/2021,6608,91,0.1153,0,0
Iran,1/28/2021,6527,85,0.1163,0,0
Iran,1/29/2021,6573,71,0.1168,0,0
Iran,1/30/2021,6317,82,0.1171,0,0
Iran,1/31/2021,6268,70,0.1184,0,0
Iran,2/1/2021,6597,79,0.1192,0,0
Iran,2/2/2021,6820,72,0.1204,0,0
Iran,2/3/2021,6870,79,0.1212,0,0
Iran,2/4/2021,7040,67,0.1224,0,0
Iran,2/5/2021,7054,80,0.1234,0,0
Iran,2/6/2021,6990,76,0.1249,0,0
Iran,2/7/2021,7065,57,0.1268,0,0
Iran,2/8/2021,7321,67,0.1284,0,0
Iran,2/9/2021,7640,89,0.1301,3000,3000
Iran,2/10/2021,7585,61,0.1324,10000,10000
Iran,2/11/2021,7474,65,0.1342,10000,10000
Iran,2/12/2021,7298,58,0.1348,10000,10000
Iran,2/13/2021,7120,74,0.135,10000,10000
Iran,2/14/2021,7390,62,0.1358,10000,10000
Iran,2/15/2021,7760,83,0.1369,10000,10000
Iran,2/16/2021,8011,89,0.1377,10000,10000
Iran,2/17/2021,8042,67,0.1378,10000,10000
Iran,2/18/2021,8066,80,0.1382,124193,124193
Iran,2/19/2021,8017,77,0.1393,124193,124193
Iran,2/20/2021,7922,68,0.1404,124193,124193
Iran,2/21/2021,7931,74,0.1408,124193,124193
Iran,2/22/2021,8263,89,0.1418,124193,124193
Iran,2/23/2021,8330,91,0.1423,124193,124193
Iran,2/24/2021,8270,73,0.1422,124193,124193
Iran,2/25/2021,8206,94,0.1418,124193,124193
Iran,2/26/2021,8103,69,0.1413,124193,124193
Iran,2/27/2021,7975,81,0.1405,124193,124193
Iran,2/28/2021,8010,93,0.1398,124193,124193
Iran,3/1/2021,8510,108,0.1396,124193,124193
Iran,3/2/2021,8495,86,0.1392,124193,124193
Iran,3/3/2021,8525,86,0.1394,124193,124193
Iran,3/4/2021,8404,78,0.1393,124193,124193
Iran,3/5/2021,8367,81,0.1393,124193,124193
Iran,3/6/2021,8212,82,0.1397,124193,124193
Iran,3/7/2021,8010,93,0.1385,124193,124193
Iran,3/8/2021,8313,99,0.1369,124193,124193
Iran,3/9/2021,8554,81,0.136,124193,124193
Iran,3/10/2021,8603,61,0.135,124193,124193
Iran,3/11/2021,8308,88,0.1339,124193,124193
Iran,3/12/2021,8088,53,0.1323,124193,124193
Iran,3/13/2021,7802,73,0.1305,124193,124193
Iran,3/14/2021,7593,88,0.1295,124193,124193
Iran,3/15/2021,7980,100,0.1287,124193,124193
Iran,3/16/2021,8380,97,0.1283,124193,124193
Iran,3/17/2021,7802,65,0.1262,124193,124193
Iran,3/18/2021,7530,89,0.1242,124193,124193
Iran,3/19/2021,7620,68,0.1229,124193,124193
Iran,3/20/2021,7540,75,0.122,124193,124193
Iran,3/21/2021,7260,73,0.121,124193,124193
Iran,3/22/2021,7357,80,0.1194,124193,124193
Iran,3/23/2021,7290,74,0.1167,124193,124193
Iran,3/24/2021,7605,94,0.1163,124193,124193
Iran,3/25/2021,7506,97,0.1162,124193,124193
Iran,3/26/2021,7980,81,0.117,124193,124193
Iran,3/27/2021,8120,85,0.1183,319890,319890
Iran,3/28/2021,8751,89,0.1205,319890,319890
Iran,3/29/2021,9310,81,0.1247,319890,319890
Iran,3/30/2021,10250,91,0.13,319890,319890
Iran,3/31/2021,10330,96,0.1341,319890,319890
Iran,4/1/2021,11750,94,0.141,319890,319890
Iran,4/2/2021,11660,117,0.1468,319890,319890
Iran,4/3/2021,11420,123,0.1503,319890,319890
Iran,4/4/2021,11680,161,0.1551,319890,319890
Iran,4/5/2021,13890,172,0.1617,319890,319890
Iran,4/6/2021,17430,174,0.1742,319890,319890
Iran,4/7/2021,20954,193,0.1939,319890,319890
Iran,4/8/2021,22586,185,0.2075,319890,319890
Iran,4/9/2021,22478,155,0.2196,319890,319890
Iran,4/10/2021,19666,193,0.2282,319890,319890
Iran,4/11/2021,21063,258,0.2372,319890,319890
Iran,4/12/2021,23311,274,0.2459,319890,319890
Iran,4/13/2021,24760,291,0.2511,319890,319890
Iran,4/14/2021,25582,304,0.2518,462642,100691
Iran,4/15/2021,25078,321,0.2488,462642,100691
Iran,4/16/2021,25261,328,0.2464,462642,100691
Iran,4/17/2021,21312,319,0.2425,462642,100691
Iran,4/18/2021,21644,405,0.2372,462642,100691
Iran,4/19/2021,24346,398,0.2329,550131,134047
Iran,4/20/2021,25492,395,0.2283,621822,141176
Iran,4/21/2021,24886,388,0.2185,621822,141176
Iran,4/22/2021,24092,453,0.2137,667202,148298
Iran,4/23/2021,22904,380,0.2089,667202,148298
Iran,4/24/2021,18230,374,0.2032,667202,148298
Iran,4/25/2021,19165,454,0.1984,667202,148298
Iran,4/26/2021,21026,496,0.1926,667202,148298
Iran,4/27/2021,20963,462,0.184,667202,148298
Iran,4/28/2021,21713,434,0.1782,938754,193840
Iran,4/29/2021,19899,385,0.1714,1002591,204126
Iran,4/30/2021,19272,407,0.1627,1068123,209827
Iran,5/1/2021,17080,332,0.1573,1068123,209827
Iran,5/2/2021,18698,394,0.153,1068123,209827
Iran,5/3/2021,20732,391,0.149,1068123,209827
Iran,5/4/2021,20150,344,0.1457,1314641,231503
Iran,5/5/2021,15872,349,0.1384,1314641,231503
Iran,5/6/2021,18409,338,0.1358,1314641,231503
Iran,5/7/2021,17076,335,0.1336,1485287,253635
Iran,5/8/2021,13576,283,0.1296,1485287,253635
Iran,5/9/2021,14141,386,0.1246,1485287,253635
Iran,5/10/2021,18408,351,0.122,1767570,292134
Iran,5/11/2021,18133,307,0.1199,1767570,292134
Iran,5/12/2021,16409,366,0.1205,1767570,292134
Iran,5/13/2021,14246,297,0.1162,1767570,292134
Iran,5/14/2021,10145,202,0.1093,1767570,292134
Iran,5/15/2021,7723,200,0.1038,1767570,292134
Iran,5/16/2021,11291,303,0.1014,1767570,292134
Iran,5/17/2021,14319,286,0.0977,2329379,350212
Iran,5/18/2021,13930,310,0.0936,2329379,350212
Iran,5/19/2021,12789,233,0.09,2329379,350212
Iran,5/20/2021,12428,229,0.0884,2329379,350212
Iran,5/21/2021,11250,200,0.0897,2329379,350212
Iran,5/22/2021,8005,187,0.091,2329379,350212
Iran,5/23/2021,8631,216,0.0891,2329379,350212
Iran,5/24/2021,11005,251,0.0864,3141577,403073
Iran,5/25/2021,11873,208,0.0848,3141577,403073
Iran,5/26/2021,10468,163,0.0828,3141577,403073
Iran,5/27/2021,9994,165,0.0811,3141577,403073
Iran,5/28/2021,10253,184,0.081,3141577,403073
Iran,5/29/2021,7107,173,0.0795,3141577,403073
Iran,5/30/2021,8876,198,0.0793,3141577,403073
Iran,5/31/2021,11042,217,0.0789,3141577,403073
Iran,6/1/2021,10687,171,0.0778,3141577,403073
Iran,6/2/2021,11620,161,0.0794,3141577,403073
Iran,6/3/2021,9657,170,0.0787,3141577,403073
Iran,6/4/2021,9209,155,0.0771,3141577,403073
Iran,6/5/2021,6442,128,0.0766,3141577,403073
Iran,6/6/2021,5612,122,0.0731,3141577,403073
Iran,6/7/2021,4907,120,0.0663,3141577,403073
Iran,6/8/2021,8846,179,0.064,4553653,637870
Iran,6/9/2021,10598,157,0.0627,4553653,637870
Iran,6/10/2021,12398,153,0.0658,4553653,637870
Iran,6/11/2021,9966,124,0.0667,4553653,637870
Iran,6/12/2021,7444,115,0.0679,4553653,637870
Iran,6/13/2021,8195,187,0.0709,4553653,637870
Iran,6/14/2021,10715,119,0.0775,4792881,808786
Iran,6/15/2021,10216,134,0.0791,4792881,808786
Iran,6/16/2021,10487,129,0.0792,4792881,808786
Iran,6/17/2021,10291,139,0.0767,4792881,808786
Iran,6/18/2021,10100,127,0.0768,4792881,808786
Iran,6/19/2021,6448,108,0.0756,4792881,808786
Iran,6/20/2021,8161,111,0.0755,4792881,808786
Iran,6/21/2021,10485,136,0.0751,4968642,955000
Iran,6/22/2021,11716,116,0.077,4968642,955000
Iran,6/23/2021,11059,112,0.0777,4968642,955000
Iran,6/24/2021,11734,144,0.0796,4968642,955000
Iran,6/25/2021,10820,115,0.0807,4968642,955000
Iran,6/26/2021,7034,123,0.0822,4968642,955000
Iran,6/27/2021,9758,134,0.0848,4968642,955000
Iran,6/28/2021,12351,140,0.0879,4968642,955000
Iran,6/29/2021,12717,142,0.092,5717914,1641010
Iran,6/30/2021,11748,137,0.096,5717914,1641010
Iran,7/1/2021,14303,125,0.1027,5717914,1641010
Iran,7/2/2021,13836,127,0.1106,5717914,1641010
Iran,7/3/2021,8341,111,0.1186,5717914,1641010
Iran,7/4/2021,13781,165,0.1317,5717914,1641010
Iran,7/5/2021,16025,157,0.1459,5717914,1641010
Iran,7/6/2021,16080,146,0.1563,5717914,1641010
Iran,7/7/2021,17212,166,0.1702,5717914,1641010
Iran,7/8/2021,23391,136,0.1913,5717914,1641010
Iran,7/9/2021,16596,146,0.2023,5717914,1641010
Iran,7/10/2021,11664,151,0.2083,5717914,1641010
Iran,7/11/2021,17664,165,0.2153,5717914,1641010
Iran,7/12/2021,20829,182,0.2239,5717914,1641010
Iran,7/13/2021,22750,166,0.2365,6530124,2139782
Iran,7/14/2021,23371,184,0.2493,6530124,2139782
Iran,7/15/2021,23655,201,0.252,6530124,2139782
Iran,7/16/2021,21885,199,0.2641,6530124,2139782
Iran,7/17/2021,15139,175,0.273,6530124,2139782
Iran,7/18/2021,22184,195,0.2845,6530124,2139782
Iran,7/19/2021,25441,213,0.2964,8155411,2289095
Iran,7/20/2021,27444,250,0.3067,8155411,2289095
Iran,7/21/2021,27379,213,0.3157,8155411,2289095
Iran,7/22/2021,20313,226,0.3132,8155411,2289095
Iran,7/23/2021,21814,210,0.3171,8155411,2289095
Iran,7/24/2021,18632,259,0.3282,8155411,2289095
Iran,7/25/2021,27146,268,0.3421,8155411,2289095
Iran,7/26/2021,31814,322,0.3593,10168674,2426738
Iran,7/27/2021,34951,357,0.3817,10168674,2426738
Iran,7/28/2021,33817,303,0.4026,10168674,2426738
Iran,7/29/2021,34433,292,0.4357,10168674,2426738
Iran,7/30/2021,24715,270,0.4484,10168674,2426738
Iran,7/31/2021,19846,286,0.4577,10168674,2426738
Iran,8/1/2021,32511,366,0.4767,10168674,2426738
Iran,8/2/2021,37189,411,0.4962,12388974,2773061
Iran,8/3/2021,39019,378,0.5042,12388974,2773061
Iran,8/4/2021,39357,409,0.5156,12388974,2773061
Iran,8/5/2021,38674,434,0.5239,12388974,2773061
Iran,8/6/2021,34913,458,0.5375,12388974,2773061
Iran,8/7/2021,26439,387,0.5147,12388974,2773061
Iran,8/8/2021,39619,542,0.4958,12388974,2773061
Iran,8/9/2021,40808,588,0.4729,16213714,3152074
Iran,8/10/2021,39139,508,0.444,16213714,3152074
Iran,8/11/2021,42541,536,0.4233,16213714,3152074
Iran,8/12/2021,39049,568,0.4018,16213714,3152074
Iran,8/13/2021,39119,527,0.3927,16213714,3152074
Iran,8/14/2021,29700,466,0.3977,16213714,3152074
Iran,8/15/2021,36736,620,0.3894,16213714,3152074
Iran,8/16/2021,41194,655,0.3859,19894523,4381064
Iran,8/17/2021,50228,625,0.4024,19894523,4381064
Iran,8/18/2021,39174,583,0.396,19894523,4381064
Iran,8/19/2021,31266,564,0.3878,19894523,4381064
Iran,8/20/2021,28833,555,0.3773,19894523,4381064
Iran,8/21/2021,24179,544,0.3642,19894523,4381064
Iran,8/22/2021,36419,684,0.3627,19894523,4381064
Iran,8/23/2021,38657,610,0.3579,19894523,4381064
Iran,8/24/2021,40623,709,0.3355,23137699,6150817
Iran,8/25/2021,39983,665,0.3296,23137699,6150817
Iran,8/26/2021,36758,694,0.3271,23137699,6150817
Iran,8/27/2021,36279,571,0.3276,23137699,6150817
Iran,8/28/2021,26034,614,0.3255,23137699,6150817
Iran,8/29/2021,31516,581,0.3149,26176126,7914881
Iran,8/30/2021,33780,669,0.3047,27057253,8446118
Iran,8/31/2021,31319,643,0.2949,27057253,8446118
Iran,9/1/2021,33170,599,0.2886,27057253,8446118
Iran,9/2/2021,30279,595,0.2817,27057253,8446118
Iran,9/3/2021,27621,561,0.2706,27057253,8446118
Iran,9/4/2021,20404,515,0.2655,27057253,8446118
Iran,9/5/2021,25870,610,0.2573,29152527,9684669
Iran,9/6/2021,27579,583,0.2485,29152527,9684669
Iran,9/7/2021,27138,635,0.2446,29152527,9684669
Iran,9/8/2021,26854,538,0.2365,29152527,9684669
Iran,9/9/2021,26821,505,0.2323,29152527,9684669
Iran,9/10/2021,21114,445,0.2227,29152527,9684669
Iran,9/11/2021,16654,444,0.2186,29152527,9684669
Iran,9/12/2021,20219,487,0.2145,35047143,12104002
Iran,9/13/2021,22541,448,0.21,36753231,12549387
Iran,9/14/2021,22329,408,0.2039,36753231,12549387
Iran,9/15/2021,19731,452,0.195,36753231,12549387
Iran,9/16/2021,18021,453,0.1829,36753231,12549387
Iran,9/17/2021,17605,364,0.1792,36753231,12549387
Iran,9/18/2021,12847,355,0.173,42003863,13620868
Iran,9/19/2021,15975,391,0.1656,42003863,13620868
Iran,9/20/2021,17397,344,0.1595,43372270,13961491
Iran,9/21/2021,17564,379,0.1533,43372270,13961491
Iran,9/22/2021,17433,286,0.1511,43372270,13961491
Iran,9/23/2021,16362,317,0.1506,43372270,13961491
Iran,9/24/2021,15294,284,0.1479,43372270,13961491
Iran,9/25/2021,10843,290,0.1463,43372270,13961491
Iran,9/26/2021,13792,278,0.1449,43372270,13961491
Iran,9/27/2021,14470,289,0.1401,51950783,15646961
Iran,9/28/2021,11701,239,0.1325,51950783,15646961
Iran,9/29/2021,13271,272,0.1267,51950783,15646961
Iran,9/30/2021,14078,268,0.1231,51950783,15646961
Iran,10/1/2021,14525,235,0.1222,51950783,15646961
Iran,10/2/2021,10135,217,0.121,51950783,15646961
Iran,10/3/2021,12428,229,0.1195,57676540,16715387
Iran,10/4/2021,14607,238,0.1209,57676540,16715387
Iran,10/5/2021,13226,216,0.1235,57676540,16715387
Iran,10/6/2021,10497,216,0.1205,57676540,16715387
Iran,10/7/2021,11625,233,0.1179,57676540,16715387
Iran,10/8/2021,9897,185,0.112,57676540,16715387
Iran,10/9/2021,7654,173,0.109,57676540,16715387
Iran,10/10/2021,11256,222,0.1077,64401471,19326200
Iran,10/11/2021,13504,276,0.1062,64401471,19326200
Iran,10/12/2021,13391,213,0.1066,64401471,19326200
Iran,10/13/2021,12298,194,0.1086,64401471,19326200
Iran,10/14/2021,11964,223,0.1081,64401471,19326200
Iran,10/15/2021,11857,197,0.1098,64401471,19326200
Iran,10/16/2021,7515,181,0.1087,64401471,19326200
Iran,10/17/2021,11396,199,0.1075,64401471,19326200
Iran,10/18/2021,11844,181,0.1048,74113680,25156987
Iran,10/19/2021,13308,167,0.104,74113680,25156987
Iran,10/20/2021,11770,162,0.1034,74113680,25156987
Iran,10/21/2021,11788,178,0.1033,77641350,27604934
Iran,10/22/2021,11064,165,0.1028,77641350,27604934
Iran,10/23/2021,7081,124,0.1027,79533819,28872959
Iran,10/24/2021,9174,171,0.1008,79533819,28872959
Iran,10/25/2021,7516,140,0.0955,81360772,30139400
Iran,10/26/2021,9096,156,0.0906,81360772,30139400
Iran,10/27/2021,10644,197,0.089,81360772,30139400
Iran,10/28/2021,11409,159,0.0887,81360772,30139400
Iran,10/29/2021,9893,123,0.0867,85369917,33088940
Iran,10/30/2021,6809,128,0.0864,85369917,33088940
Iran,10/31/2021,8427,177,0.085,85369917,33088940
Iran,11/1/2021,9857,153,0.0878,85369917,33088940
Iran,11/2/2021,10104,160,0.0886,89255211,36054893
Iran,11/3/2021,10363,147,0.0885,89255211,36054893
Iran,11/4/2021,9862,158,0.086,89255211,36054893
Iran,11/5/2021,8633,132,0.0844,92677737,37784542
Iran,11/6/2021,6803,120,0.0841,92677737,37784542
Iran,11/7/2021,7554,126,0.0826,92677737,37784542
Iran,11/8/2021,8341,140,0.0799,92677737,37784542
Iran,11/9/2021,8305,112,0.0773,95866990,40193198
Iran,11/10/2021,7948,135,0.074,95866990,40193198
Iran,11/11/2021,7539,123,0.0713,95866990,40193198
Iran,11/12/2021,7322,109,0.0697,95866990,40193198
Iran,11/13/2021,4306,124,0.0668,98181400,42183468
Iran,11/14/2021,6143,125,0.0655,98181400,42183468
Iran,11/15/2021,7494,105,0.065,98181400,42183468
Iran,11/16/2021,6430,134,0.0627,98181400,42183468
Iran,11/17/2021,6251,125,0.0654,98181400,42183468
Iran,11/18/2021,5882,103,0.0686,98181400,42183468
Iran,11/19/2021,5784,100,0.0567,98181400,42183468
Iran,11/20/2021,3539,118,0.0559,98181400,42183468
Iran,11/21/2021,4340,104,0.0536,102145229,44726047
Iran,11/22/2021,5427,97,0.0507,102145229,44726047
Iran,11/23/2021,5144,124,0.049,102145229,44726047
Iran,11/24/2021,4813,103,0.0436,102145229,44726047
Iran,11/25/2021,4850,96,0.0394,102145229,44726047
Iran,11/26/2021,4384,86,0.0429,102145229,44726047
Iran,11/27/2021,3045,87,0.042,104609358,46328337
Iran,11/28/2021,3781,80,0.0411,104781077,46522058
Iran,11/29/2021,4310,82,0.0396,104781077,46522058
Iran,11/30/2021,4253,119,0.0384,104781077,46522058
Iran,12/1/2021,4312,82,0.0378,104781077,46522058
Iran,12/2/2021,3839,76,0.0365,104781077,46522058
Iran,12/3/2021,3603,78,0.0356,104781077,46522058
Iran,12/4/2021,2157,58,0.0345,104781077,46522058
Iran,12/5/2021,3109,76,0.0336,107531771,48149791
Iran,12/6/2021,3356,77,0.0324,107531771,48149791
Iran,12/7/2021,3514,79,0.0314,107531771,48149791
Iran,12/8/2021,3309,90,0.0301,107531771,48149791
Iran,12/9/2021,3228,78,0.0295,107531771,48149791
Iran,12/10/2021,2971,79,0.0288,107531771,48149791
Iran,12/11/2021,1681,58,0.0282,107531771,48149791
Iran,12/12/2021,2289,61,0.0273,109807742,49150330
Iran,12/13/2021,2706,42,0.0266,109807742,49150330
Iran,12/14/2021,2784,67,0.0258,109807742,49150330
Iran,12/15/2021,2651,52,0.0251,109807742,49150330
Iran,12/16/2021,2500,63,0.0243,109807742,49150330
Iran,12/17/2021,2196,46,0.0232,109807742,49150330
Iran,12/18/2021,1361,41,0.0229,109807742,49150330
Iran,12/19/2021,1968,50,0.0225,113239941,50340978
Iran,12/20/2021,2390,41,0.0219,113239941,50340978
Iran,12/21/2021,2413,43,0.0214,113239941,50340978
Iran,12/22/2021,2103,44,0.0207,113239941,50340978
Iran,12/23/2021,1932,51,0.02,113239941,50340978
Iran,12/24/2021,1967,44,0.0197,113239941,50340978
Iran,12/25/2021,1121,42,0.0194,113239941,50340978
Iran,12/26/2021,1857,52,0.0192,116210697,51194091
Iran,12/27/2021,1967,34,0.0187,116210697,51194091
Iran,12/28/2021,2128,40,0.0184,116210697,51194091
Iran,12/29/2021,1905,53,0.0182,116210697,51194091
Iran,12/30/2021,1936,45,0.0183,116210697,51194091
Iran,12/31/2021,1703,34,0.0181,116210697,51194091
Iran,1/1/2022,1002,33,0.0181,116210697,51194091
Iran,1/2/2022,1510,41,0.0176,116210697,51194091
Iran,1/3/2022,1677,22,0.0172,119325720,51938622
Iran,1/4/2022,1706,34,0.0166,119325720,51938622
Iran,1/5/2022,1171,42,0.0155,119325720,51938622
Iran,1/6/2022,1579,24,0.015,119325720,51938622
Iran,1/7/2022,1178,19,0.0145,119325720,51938622
Iran,1/8/2022,701,26,0.0143,119325720,51938622
Iran,1/9/2022,1480,31,0.0147,122153249,52530978
Iran,1/10/2022,1932,37,0.0156,122153249,52530978
Iran,1/11/2022,1961,25,0.0165,122153249,52530978
Iran,1/12/2022,2089,32,0.0186,122153249,52530978
Iran,1/13/2022,2394,30,0.0202,124970698,52974192
Iran,1/14/2022,2539,24,0.0224,125262221,53018325
Iran,1/15/2022,1421,18,0.0237,125560035,53064275
Iran,1/16/2022,2292,31,0.0251,125973179,53130215
Iran,1/17/2022,3163,20,0.0268,126401975,53195312
Iran,1/18/2022,3653,18,0.0292,126779652,53258700
Iran,1/19/2022,4060,19,0.032,127216770,53334908
Iran,1/20/2022,4658,20,0.0354,127687808,53420305
Iran,1/21/2022,5276,20,0.0396,127687808,53420305
Iran,1/22/2022,3503,30,0.0424,128252824,53517573
Iran,1/23/2022,5144,28,0.0463,128640395,53586646
Iran,1/24/2022,7691,21,0.0532,129022276,53651657
Iran,1/25/2022,9378,23,0.0619,129022276,53651657
Iran,1/26/2022,11851,29,0.0739,129913186,53796203
Iran,1/27/2022,14285,30,0.0888,129913186,53796203
Iran,1/28/2022,16757,23,0.1066,130711386,53917006
Iran,1/29/2022,11731,24,0.1186,131044477,53961998
Iran,1/30/2022,21996,44,0.1445,131617252,54040089
Iran,1/31/2022,28995,30,0.1765,132202293,54116027
Iran,2/1/2022,35070,50,0.2146,132725305,54189193
Iran,2/2/2022,38160,59,0.2511,133346414,54277761
Iran,2/3/2022,37395,61,0.2801,134137258,54370250
Iran,2/4/2022,36908,57,0.3052,134449270,54405243
Iran,2/5/2022,23130,64,0.3172,134804696,54447739
Iran,2/6/2022,35429,85,0.3316,135264672,54505698
Iran,2/7/2022,39819,104,0.3433,135705646,54561630
Iran,2/8/2022,38757,114,0.3469,136080644,54611857
Iran,2/9/2022,39085,116,0.3492,136475508,54666259
Iran,2/10/2022,33681,130,0.3469,136862214,54715414
Iran,2/11/2022,31247,143,0.3478,137110534,54745040
Iran,2/12/2022,18598,133,0.3504,137334302,54772244
Iran,2/13/2022,25812,148,0.3454,137659890,54812067
Iran,2/14/2022,28956,168,0.3382,137986813,54851145
Iran,2/15/2022,25034,167,0.3264,138197905,54877715
Iran,2/16/2022,16310,185,0.2988,138357387,54897594
Iran,2/17/2022,17545,182,0.2818,138357387,54897594
Iran,2/18/2022,19317,187,0.2637,138883111,54988930
Iran,2/19/2022,12058,191,0.255,139147658,55042390
Iran,2/20/2022,16967,242,0.242,139467036,55100679
Iran,2/21/2022,19110,236,0.227,139778863,55157584
Iran,2/22/2022,22073,223,0.2225,140067676,55214782
Iran,2/23/2022,15340,227,0.2208,140520797,55262698
Iran,2/24/2022,12957,226,0.2137,140520797,55262698
Iran,2/25/2022,11972,214,0.2014,140837463,55324216
Iran,2/26/2022,7039,224,0.1942,141006000,55390361
Iran,2/27/2022,9524,241,0.1795,141150412,55418020
Iran,2/28/2022,10962,207,,,
